dataset_name,sample_id,true_label,baseline_top1,baseline_margin,entropy,hop2_activation,prompt_count_log1p,oracle_choose_orig_ratio,key_candidate_count
dcase,/home/star/zkx/iknow-audio/data/DCASE17-T4/audio/Y-5QrBL6MzLg_60.000_70.000.wav,train horn,0.2478092610836029,0.010551035404205322,0.9995738262557421,1.0,3.6375861597263857,0.2,5
dcase,/home/star/zkx/iknow-audio/data/DCASE17-T4/audio/Y-E0shPRxAbo_30.000_40.000.wav,train horn,0.23837849497795105,0.03293637931346893,0.9997252971483115,1.0,3.9318256327243257,0.2,4
dcase,/home/star/zkx/iknow-audio/data/DCASE17-T4/audio/Y-GCwoyCnYsY_0.000_10.000.wav,train horn,0.20868614315986633,0.007151439785957336,0.9996555983170607,1.0,3.988984046564274,0.2,4
dcase,/home/star/zkx/iknow-audio/data/DCASE17-T4/audio/Y-Gbohom8C4Q_30.000_40.000.wav,train horn,0.34244388341903687,0.009225010871887207,0.9990166059502168,1.0,3.6109179126442243,0.2,5
dcase,/home/star/zkx/iknow-audio/data/DCASE17-T4/audio/Y-Qfk_Q2ctBs_30.000_40.000.wav,train horn,0.34495681524276733,0.09850497543811798,0.9992079259088997,1.0,3.8501476017100584,0.2,3
dcase,/home/star/zkx/iknow-audio/data/DCASE17-T4/audio/Y-Wd1pV7UjWg_60.000_70.000.wav,train horn,0.33049526810646057,0.04107007384300232,0.9991446710716116,1.0,3.6375861597263857,0.2,4
dcase,/home/star/zkx/iknow-audio/data/DCASE17-T4/audio/Y-jj2tyuf6-A_80.000_90.000.wav,train horn,0.25965508818626404,0.02691185474395752,0.9991160804777085,1.0,3.6375861597263857,0.2,4
dcase,/home/star/zkx/iknow-audio/data/DCASE17-T4/audio/Y-nGBPqlRNg4_30.000_40.000.wav,train horn,0.39501744508743286,0.09947004914283752,0.9977841735876439,1.0,3.6109179126442243,0.2,4
dcase,/home/star/zkx/iknow-audio/data/DCASE17-T4/audio/Y-u9BxBNcrw4_30.000_40.000.wav,train horn,0.3389316201210022,0.11407974362373352,0.9977780999381619,1.0,3.6888794541139363,0.2,3
dcase,/home/star/zkx/iknow-audio/data/DCASE17-T4/audio/Y-zqW9xCZd80_260.000_270.000.wav,train horn,0.1685987412929535,0.006405875086784363,0.9999798719442825,1.0,3.988984046564274,0.2,4
dcase,/home/star/zkx/iknow-audio/data/DCASE17-T4/audio/Y0HqeYIREv8M_30.000_40.000.wav,train horn,0.30769985914230347,0.04149708151817322,0.9995724930156119,1.0,3.9702919135521215,0.2,5
dcase,/home/star/zkx/iknow-audio/data/DCASE17-T4/audio/Y0IpYF91Fdt0_80.000_90.000.wav,train horn,0.3519732654094696,0.0813370943069458,0.9983059148919269,1.0,3.6888794541139363,0.2,3
dcase,/home/star/zkx/iknow-audio/data/DCASE17-T4/audio/Y0NaZejdABG0_90.000_100.000.wav,train horn,0.38555288314819336,0.084328293800354,0.9990105323007348,1.0,3.6888794541139363,0.2,4
dcase,/home/star/zkx/iknow-audio/data/DCASE17-T4/audio/Y0RurXUfKyow_4.000_14.000.wav,train horn,0.31480491161346436,0.05049842596054077,0.9996766338835593,1.0,3.5553480614894135,0.2,3
dcase,/home/star/zkx/iknow-audio/data/DCASE17-T4/audio/Y0_HnD-rW3lI_170.000_180.000.wav,train horn,0.1454845517873764,0.013989225029945374,0.9999574290687576,0.0,4.0943445622221,0.2,5
dcase,/home/star/zkx/iknow-audio/data/DCASE17-T4/audio/Y10i60V1RZkQ_210.000_220.000.wav,train horn,0.35448068380355835,0.09989649057388306,0.9977745446311481,1.0,3.6888794541139363,0.2,4
dcase,/home/star/zkx/iknow-audio/data/DCASE17-T4/audio/Y1FJY5X1iY9I_170.000_180.000.wav,train horn,0.417125940322876,0.10998058319091797,0.9984851616205419,1.0,3.9318256327243257,0.2,4
dcase,/home/star/zkx/iknow-audio/data/DCASE17-T4/audio/Y1S5WKCcf-wU_40.000_50.000.wav,train horn,0.2132783830165863,0.03209623694419861,0.9995384213233958,1.0,3.6888794541139363,0.2,3
dcase,/home/star/zkx/iknow-audio/data/DCASE17-T4/audio/Y1U0Ty6CW6AM_40.000_50.000.wav,train horn,0.2731240391731262,0.04746022820472717,0.9997581837381896,1.0,3.7135720667043075,0.2,4
dcase,/home/star/zkx/iknow-audio/data/DCASE17-T4/audio/Y1hQLr88iCvg_30.000_40.000.wav,train horn,0.357699990272522,0.03628122806549072,0.9993765067164733,1.0,3.9318256327243257,0.2,4
dcase,/home/star/zkx/iknow-audio/data/DCASE17-T4/audio/Y1iUXERALOOs_190.000_200.000.wav,train horn,0.3725739121437073,0.07580363750457764,0.9984028710769505,1.0,3.9318256327243257,0.2,4
dcase,/home/star/zkx/iknow-audio/data/DCASE17-T4/audio/Y1oJAVJPX0YY_20.000_30.000.wav,train horn,0.2578071653842926,0.010226398706436157,0.9990143098144371,1.0,3.6375861597263857,0.2,4
dcase,/home/star/zkx/iknow-audio/data/DCASE17-T4/audio/Y26dNsDuIt9Q_340.000_350.000.wav,train horn,0.386679470539093,0.07881566882133484,0.9985096043562621,1.0,3.6109179126442243,0.2,4
dcase,/home/star/zkx/iknow-audio/data/DCASE17-T4/audio/Y2RpOd9MJjyQ_10.000_20.000.wav,train horn,0.29751574993133545,0.046918511390686035,0.9994971649482559,1.0,3.6888794541139363,0.2,4
dcase,/home/star/zkx/iknow-audio/data/DCASE17-T4/audio/Y2aBV6AZt5nk_570.000_580.000.wav,train horn,0.3366195857524872,0.012147784233093262,0.9992508858686505,1.0,3.6375861597263857,0.2,4
dcase,/home/star/zkx/iknow-audio/data/DCASE17-T4/audio/Y-8baTnilyjs_30.000_40.000.wav,"air horn, truck horn",0.22844919562339783,0.07776391506195068,0.9993962090428417,1.0,3.58351893845611,0.0,4
dcase,/home/star/zkx/iknow-audio/data/DCASE17-T4/audio/Y-jG26jT3fP8_230.000_240.000.wav,"air horn, truck horn",0.41354259848594666,0.007637828588485718,0.9997518878820192,1.0,3.4011973816621555,0.0,5
dcase,/home/star/zkx/iknow-audio/data/DCASE17-T4/audio/Y-v7cUxke-f4_30.000_40.000.wav,"air horn, truck horn",0.5147824883460999,0.061892181634902954,0.9983173215019296,1.0,3.7135720667043075,0.0,5
dcase,/home/star/zkx/iknow-audio/data/DCASE17-T4/audio/Y-yeWlsEpcpA_15.000_25.000.wav,"air horn, truck horn",0.2657727599143982,0.05029939115047455,0.9989502402192916,1.0,3.6109179126442243,0.0,4
dcase,/home/star/zkx/iknow-audio/data/DCASE17-T4/audio/Y04KOunVOkSA_30.000_40.000.wav,"air horn, truck horn",0.48739778995513916,0.09448561072349548,0.99875373543788,1.0,3.7135720667043075,0.0,5
dcase,/home/star/zkx/iknow-audio/data/DCASE17-T4/audio/Y08y2LHhxmsM_400.000_410.000.wav,"air horn, truck horn",0.17842553555965424,0.014116212725639343,0.9998440295887949,1.0,3.295836866004329,0.0,5
dcase,/home/star/zkx/iknow-audio/data/DCASE17-T4/audio/Y0G73yqtBwgE_11.000_21.000.wav,"air horn, truck horn",0.29727667570114136,0.07167348265647888,0.9992756248799552,1.0,3.5553480614894135,0.0,4
dcase,/home/star/zkx/iknow-audio/data/DCASE17-T4/audio/Y0UPY7ws-VFs_10.000_20.000.wav,"air horn, truck horn",0.22499580681324005,0.0021636486053466797,0.9998512883406149,1.0,3.4011973816621555,0.0,5
dcase,/home/star/zkx/iknow-audio/data/DCASE17-T4/audio/Y1iRgwn7p0DA_30.000_40.000.wav,"air horn, truck horn",0.18695083260536194,0.03428846597671509,0.9998478811713932,1.0,3.784189633918261,0.0,3
dcase,/home/star/zkx/iknow-audio/data/DCASE17-T4/audio/Y1myTsHAIvYc_30.000_40.000.wav,"air horn, truck horn",0.46321335434913635,0.023339003324508667,0.9989389076781849,1.0,3.7135720667043075,0.0,4
dcase,/home/star/zkx/iknow-audio/data/DCASE17-T4/audio/Y1z0XoG6GEv4_420.000_430.000.wav,"air horn, truck horn",0.18761830031871796,0.05775068700313568,0.9996593017618668,1.0,3.7612001156935624,0.0,5
dcase,/home/star/zkx/iknow-audio/data/DCASE17-T4/audio/Y2KmSuPb9gwA_24.000_34.000.wav,"air horn, truck horn",0.3747555613517761,0.08108139038085938,0.9988981697853179,1.0,3.5553480614894135,0.0,3
dcase,/home/star/zkx/iknow-audio/data/DCASE17-T4/audio/Y2Vy5NCEkg2I_30.000_40.000.wav,"air horn, truck horn",0.24564452469348907,0.08746220171451569,0.9991517816856393,1.0,3.6109179126442243,0.0,4
dcase,/home/star/zkx/iknow-audio/data/DCASE17-T4/audio/Y3YaLkgUMhAA_110.000_120.000.wav,"air horn, truck horn",0.5128821134567261,0.12341046333312988,0.9979823819536663,1.0,3.4011973816621555,0.0,5
dcase,/home/star/zkx/iknow-audio/data/DCASE17-T4/audio/Y3ntFslTK6hM_90.000_100.000.wav,"air horn, truck horn",0.43723177909851074,0.07192045450210571,0.9977117342072367,1.0,3.6375861597263857,0.0,3
dcase,/home/star/zkx/iknow-audio/data/DCASE17-T4/audio/Y3rGOv4evODE_20.000_30.000.wav,"air horn, truck horn",0.3148888349533081,0.03499281406402588,0.999745073543576,1.0,3.6109179126442243,0.0,4
dcase,/home/star/zkx/iknow-audio/data/DCASE17-T4/audio/Y42U7xIucU68_20.000_30.000.wav,"air horn, truck horn",0.30864959955215454,0.02347823977470398,0.9997240379770774,1.0,3.6375861597263857,0.0,5
dcase,/home/star/zkx/iknow-audio/data/DCASE17-T4/audio/Y46r7mO2k6zY_30.000_40.000.wav,"air horn, truck horn",0.36285239458084106,0.0028342604637145996,0.9997293709375982,1.0,3.7135720667043075,0.0,5
dcase,/home/star/zkx/iknow-audio/data/DCASE17-T4/audio/Y4NTjS5pFfSc_30.000_40.000.wav,"air horn, truck horn",0.33416473865509033,0.025054126977920532,0.9998561028188628,1.0,3.6375861597263857,0.0,5
dcase,/home/star/zkx/iknow-audio/data/DCASE17-T4/audio/Y4bvfOnX7BIE_30.000_40.000.wav,"air horn, truck horn",0.29548314213752747,0.05311809480190277,0.9994095414441436,1.0,3.6375861597263857,0.0,4
dcase,/home/star/zkx/iknow-audio/data/DCASE17-T4/audio/Y4l78f9VZ9uE_30.000_40.000.wav,"air horn, truck horn",0.4918687343597412,0.015569031238555908,0.9984069448662372,1.0,3.7135720667043075,0.0,5
dcase,/home/star/zkx/iknow-audio/data/DCASE17-T4/audio/Y-ajCLjpfGKI_83.000_93.000.wav,car alarm,0.2892896234989166,0.10937438905239105,0.9991220059893983,1.0,3.6109179126442243,0.2,4
dcase,/home/star/zkx/iknow-audio/data/DCASE17-T4/audio/Y-hLSc9aPOms_13.000_23.000.wav,car alarm,0.42796096205711365,0.02754637598991394,0.9987266262218994,1.0,3.295836866004329,0.2,3
dcase,/home/star/zkx/iknow-audio/data/DCASE17-T4/audio/Y0C3kqtF76t8_50.000_60.000.wav,car alarm,0.41515952348709106,0.1449926793575287,0.9981980705791733,1.0,3.6109179126442243,0.2,4
dcase,/home/star/zkx/iknow-audio/data/DCASE17-T4/audio/Y0Hz4R_m0hmI_80.000_90.000.wav,car alarm,0.2019578218460083,0.001746147871017456,0.9997227047369471,1.0,3.8066624897703196,0.2,5
dcase,/home/star/zkx/iknow-audio/data/DCASE17-T4/audio/Y0ZPafgZftWk_80.000_90.000.wav,car alarm,0.36528077721595764,0.11797565221786499,0.9985661189240032,1.0,3.6109179126442243,0.2,4
dcase,/home/star/zkx/iknow-audio/data/DCASE17-T4/audio/Y0npLQ4LzD0c_40.000_50.000.wav,car alarm,0.4592134654521942,0.10517212748527527,0.9984105001732511,1.0,3.295836866004329,0.2,3
dcase,/home/star/zkx/iknow-audio/data/DCASE17-T4/audio/Y3HxQ83IMyw4_70.000_80.000.wav,car alarm,0.3740883469581604,0.06869280338287354,0.9993505826028306,1.0,3.295836866004329,0.2,4
dcase,/home/star/zkx/iknow-audio/data/DCASE17-T4/audio/Y3z05luLEc_Q_0.000_10.000.wav,car alarm,0.3304174244403839,0.03774619102478027,0.999878101281011,1.0,3.295836866004329,0.2,4
dcase,/home/star/zkx/iknow-audio/data/DCASE17-T4/audio/Y4A1Ar1TIXIY_30.000_40.000.wav,car alarm,0.04999198764562607,0.0011390447616577148,0.9999221722742035,1.0,3.912023005428146,0.2,4
dcase,/home/star/zkx/iknow-audio/data/DCASE17-T4/audio/Y4Kpklmj-ze0_53.000_63.000.wav,car alarm,0.24344974756240845,0.018286705017089844,0.9999567624486925,0.0,4.04305126783455,0.2,4
dcase,/home/star/zkx/iknow-audio/data/DCASE17-T4/audio/Y5P6YYsMaIH4_30.000_40.000.wav,car alarm,0.23791125416755676,0.14009614288806915,0.9987103310647526,1.0,3.6109179126442243,0.2,3
dcase,/home/star/zkx/iknow-audio/data/DCASE17-T4/audio/Y5tzTahLHylw_70.000_80.000.wav,car alarm,0.29082417488098145,0.06612807512283325,0.9996198230402338,1.0,3.7612001156935624,0.2,5
dcase,/home/star/zkx/iknow-audio/data/DCASE17-T4/audio/Y7NJ5TbNEIvA_250.000_260.000.wav,car alarm,0.3071419596672058,0.09645800292491913,0.9988978735097334,1.0,3.526360524616161,0.2,4
dcase,/home/star/zkx/iknow-audio/data/DCASE17-T4/audio/Y7ee54nr6jG8_30.000_40.000.wav,car alarm,0.24076616764068604,0.05749054253101349,0.9992282948553333,1.0,3.8712010109078907,0.2,4
dcase,/home/star/zkx/iknow-audio/data/DCASE17-T4/audio/Y8OajsyPSNt8_40.000_50.000.wav,car alarm,0.2501722276210785,0.0697081983089447,0.9991484485853138,1.0,3.295836866004329,0.2,3
dcase,/home/star/zkx/iknow-audio/data/DCASE17-T4/audio/Y9fCibkUT_gQ_30.000_40.000.wav,car alarm,0.3249121904373169,0.0719030499458313,0.9979854928473034,1.0,3.6109179126442243,0.2,4
dcase,/home/star/zkx/iknow-audio/data/DCASE17-T4/audio/Y9fzeD7CeI7Y_110.000_120.000.wav,car alarm,0.22206524014472961,0.030198603868484497,0.9999301717149847,1.0,3.295836866004329,0.2,4
dcase,/home/star/zkx/iknow-audio/data/DCASE17-T4/audio/Y9jYv9WuyknA_130.000_140.000.wav,car alarm,0.19146381318569183,0.01260252296924591,0.9999175059337478,1.0,3.1780538303479453,0.2,3
dcase,/home/star/zkx/iknow-audio/data/DCASE17-T4/audio/YA-GNszKtjJc_93.000_103.000.wav,car alarm,0.3091149926185608,0.05671149492263794,0.9994901284031243,1.0,3.526360524616161,0.2,4
dcase,/home/star/zkx/iknow-audio/data/DCASE17-T4/audio/YA437a4Y_xag_230.000_240.000.wav,car alarm,0.1917497217655182,0.0010417699813842773,0.9996474507384873,1.0,3.8712010109078907,0.2,3
dcase,/home/star/zkx/iknow-audio/data/DCASE17-T4/audio/YAPMPW2YI-Zk_20.000_30.000.wav,car alarm,0.44749659299850464,0.038563668727874756,0.9984450162788439,1.0,3.6109179126442243,0.2,4
dcase,/home/star/zkx/iknow-audio/data/DCASE17-T4/audio/YAR-KmtlXg4Y_70.000_80.000.wav,car alarm,0.46726953983306885,0.09770619869232178,0.9986052273011556,1.0,3.295836866004329,0.2,3
dcase,/home/star/zkx/iknow-audio/data/DCASE17-T4/audio/Y-6d-zxMvC5E_30.000_40.000.wav,reversing beeps,0.32661303877830505,0.05056476593017578,0.999155262923757,1.0,3.6375861597263857,0.0,5
dcase,/home/star/zkx/iknow-audio/data/DCASE17-T4/audio/Y-8OITuFZha8_30.000_40.000.wav,reversing beeps,0.3438311219215393,0.04512098431587219,0.9992867352143735,1.0,3.1780538303479453,0.0,4
dcase,/home/star/zkx/iknow-audio/data/DCASE17-T4/audio/Y-8n2NqDFRko_30.000_40.000.wav,reversing beeps,0.4128379225730896,0.04310917854309082,0.9996006391961383,1.0,3.1354942159291497,0.0,4
dcase,/home/star/zkx/iknow-audio/data/DCASE17-T4/audio/Y-AIrHVeCgtM_30.000_40.000.wav,reversing beeps,0.3869313597679138,0.021014302968978882,0.9993828766415398,1.0,3.295836866004329,0.0,4
dcase,/home/star/zkx/iknow-audio/data/DCASE17-T4/audio/Y-AVzYvKHwPg_30.000_40.000.wav,reversing beeps,0.23633980751037598,0.028068333864212036,0.9999306901972576,1.0,3.784189633918261,0.0,5
dcase,/home/star/zkx/iknow-audio/data/DCASE17-T4/audio/Y-AXDeY-N2_M_30.000_40.000.wav,reversing beeps,0.16252979636192322,0.0017222017049789429,0.9998106985855401,1.0,3.8501476017100584,0.0,5
dcase,/home/star/zkx/iknow-audio/data/DCASE17-T4/audio/Y-B1uzsLG0Dk_30.000_40.000.wav,reversing beeps,0.3191320598125458,0.020388424396514893,0.9996895959403806,1.0,3.1780538303479453,0.0,4
dcase,/home/star/zkx/iknow-audio/data/DCASE17-T4/audio/Y-Em3OpyaefM_30.000_40.000.wav,reversing beeps,0.34053587913513184,0.03846234083175659,0.999671523129727,1.0,3.6375861597263857,0.0,4
dcase,/home/star/zkx/iknow-audio/data/DCASE17-T4/audio/Y-FWkB2IDMhc_30.000_40.000.wav,reversing beeps,0.3918423056602478,0.07267129421234131,0.9992691068170965,1.0,3.332204510175204,0.0,4
dcase,/home/star/zkx/iknow-audio/data/DCASE17-T4/audio/Y-SP7KWmTRUU_30.000_40.000.wav,reversing beeps,0.3680976629257202,0.023090779781341553,0.9996757450568059,1.0,3.6375861597263857,0.0,5
dcase,/home/star/zkx/iknow-audio/data/DCASE17-T4/audio/Y-h4or05bj_I_30.000_40.000.wav,reversing beeps,0.19191975891590118,0.029794856905937195,0.9998204756798281,1.0,3.737669618283368,0.0,4
dcase,/home/star/zkx/iknow-audio/data/DCASE17-T4/audio/Y-oV6dQu5tZo_30.000_40.000.wav,reversing beeps,0.3119037449359894,0.004635930061340332,0.9994863508894221,1.0,2.5649493574615367,0.0,3
dcase,/home/star/zkx/iknow-audio/data/DCASE17-T4/audio/Y-r8mfjRiHrU_30.000_40.000.wav,reversing beeps,0.4033450782299042,0.016880452632904053,0.9978986100321523,1.0,3.6375861597263857,0.0,5
dcase,/home/star/zkx/iknow-audio/data/DCASE17-T4/audio/Y-x70B12Mb-8_30.000_40.000.wav,reversing beeps,0.2764717936515808,0.004649132490158081,0.9994522051283099,1.0,3.8712010109078907,0.0,4
dcase,/home/star/zkx/iknow-audio/data/DCASE17-T4/audio/Y-xYsfYZOI-Y_30.000_40.000.wav,reversing beeps,0.3682684898376465,0.009763836860656738,0.9991143768930978,1.0,3.1780538303479453,0.0,5
dcase,/home/star/zkx/iknow-audio/data/DCASE17-T4/audio/Y03xMfqt4fZI_24.000_34.000.wav,reversing beeps,0.36898088455200195,0.010577201843261719,0.9995412359414484,1.0,3.4965075614664802,0.0,5
dcase,/home/star/zkx/iknow-audio/data/DCASE17-T4/audio/Y0E4AqW9dmdk_30.000_40.000.wav,reversing beeps,0.28651174902915955,0.010857999324798584,0.9997433699589652,1.0,3.6109179126442243,0.0,4
dcase,/home/star/zkx/iknow-audio/data/DCASE17-T4/audio/Y0FQo-2xRJ0E_30.000_40.000.wav,reversing beeps,0.34618815779685974,0.029645055532455444,0.9994892395763708,1.0,3.7612001156935624,0.0,5
dcase,/home/star/zkx/iknow-audio/data/DCASE17-T4/audio/Y0HmiH-wKLB4_30.000_40.000.wav,reversing beeps,0.3277773857116699,0.05485719442367554,0.9994530198861672,1.0,3.6375861597263857,0.0,4
dcase,/home/star/zkx/iknow-audio/data/DCASE17-T4/audio/Y0KskqFt3DoY_15.000_25.000.wav,reversing beeps,0.3442235291004181,0.056220948696136475,0.9995429395260592,1.0,3.332204510175204,0.0,5
dcase,/home/star/zkx/iknow-audio/data/DCASE17-T4/audio/Y0OiPtV9sd_w_30.000_40.000.wav,reversing beeps,0.329344779253006,0.02676326036453247,0.9997382592051328,1.0,3.4657359027997265,0.0,4
dcase,/home/star/zkx/iknow-audio/data/DCASE17-T4/audio/Y0P-YGHC5cBU_30.000_40.000.wav,reversing beeps,0.28862109780311584,0.0710068941116333,0.9981516293813049,1.0,3.526360524616161,0.0,4
dcase,/home/star/zkx/iknow-audio/data/DCASE17-T4/audio/Y0QKet-tdquc_30.000_40.000.wav,reversing beeps,0.2534332573413849,0.02426593005657196,0.9998456591045096,1.0,3.1780538303479453,0.0,5
dcase,/home/star/zkx/iknow-audio/data/DCASE17-T4/audio/Y-5px8DVPl8A_28.000_38.000.wav,bicycle,0.3871557116508484,0.1968691349029541,0.9974108663511895,1.0,3.784189633918261,0.0,5
dcase,/home/star/zkx/iknow-audio/data/DCASE17-T4/audio/Y-D08wyQwDPQ_10.000_20.000.wav,bicycle,0.2752005457878113,0.076629638671875,0.9992614036518997,1.0,3.4657359027997265,0.0,3
dcase,/home/star/zkx/iknow-audio/data/DCASE17-T4/audio/Y-F1_Gh78vJ0_30.000_40.000.wav,bicycle,0.20560239255428314,0.020044609904289246,0.9996565612127103,0.0,4.127134385045092,0.2,4
dcase,/home/star/zkx/iknow-audio/data/DCASE17-T4/audio/Y-FZQIkX44Pk_10.000_20.000.wav,bicycle,0.3605005145072937,0.08659225702285767,0.9991114141372529,1.0,3.8066624897703196,0.2,5
dcase,/home/star/zkx/iknow-audio/data/DCASE17-T4/audio/Y-FsvS99nWTc_30.000_40.000.wav,bicycle,0.2967809736728668,0.08412355184555054,0.9990326789006753,0.0,4.007333185232471,0.2,5
dcase,/home/star/zkx/iknow-audio/data/DCASE17-T4/audio/Y-Holdef_BZ0_30.000_40.000.wav,bicycle,0.1722579002380371,0.029849186539649963,0.9998758792141273,0.0,4.04305126783455,0.2,4
dcase,/home/star/zkx/iknow-audio/data/DCASE17-T4/audio/Y-Jq9HNSs_ns_14.000_24.000.wav,bicycle,0.22847646474838257,0.06289368867874146,0.9994746480038348,0.0,4.025351690735149,0.2,3
dcase,/home/star/zkx/iknow-audio/data/DCASE17-T4/audio/Y-KlN_AXMM0Q_30.000_40.000.wav,bicycle,0.277209609746933,0.020472615957260132,0.9990926006376379,0.0,4.110873864173311,0.0,5
dcase,/home/star/zkx/iknow-audio/data/DCASE17-T4/audio/Y-OGFiXvmldM_30.000_40.000.wav,bicycle,0.3731362223625183,0.10115811228752136,0.9983065074430958,0.0,4.007333185232471,0.2,3
dcase,/home/star/zkx/iknow-audio/data/DCASE17-T4/audio/Y-RFpDUZhN-g_13.000_23.000.wav,bicycle,0.04141872376203537,0.008324697613716125,0.9998924706468586,1.0,3.4965075614664802,0.2,4
dcase,/home/star/zkx/iknow-audio/data/DCASE17-T4/audio/Y-XUfeRTw3b4_0.000_6.000.wav,bicycle,0.26440396904945374,0.03536763787269592,0.9998080321052797,0.0,4.007333185232471,0.2,3
dcase,/home/star/zkx/iknow-audio/data/DCASE17-T4/audio/Y-XoATxJ-Qcg_30.000_40.000.wav,bicycle,0.1591341644525528,0.03770153224468231,0.999834326563403,1.0,3.988984046564274,0.0,4
dcase,/home/star/zkx/iknow-audio/data/DCASE17-T4/audio/Y-e5PokL6Cyo_30.000_40.000.wav,bicycle,0.2156251072883606,0.005109459161758423,0.9996947066942131,0.0,4.060443010546419,0.0,5
dcase,/home/star/zkx/iknow-audio/data/DCASE17-T4/audio/Y-fNyOf9zIU0_30.000_40.000.wav,bicycle,0.2544383704662323,0.07587453722953796,0.9994677595964955,1.0,3.912023005428146,0.2,4
dcase,/home/star/zkx/iknow-audio/data/DCASE17-T4/audio/Y-fhpkRyZL90_30.000_40.000.wav,bicycle,0.09380842745304108,0.005952462553977966,0.9998346969078835,0.0,4.025351690735149,0.2,4
dcase,/home/star/zkx/iknow-audio/data/DCASE17-T4/audio/Y-k2nMcxAjWE_30.000_40.000.wav,bicycle,0.09444471448659897,0.005705341696739197,0.9998286232584015,1.0,3.6888794541139363,0.0,4
dcase,/home/star/zkx/iknow-audio/data/DCASE17-T4/audio/Y-k80ibA-fyw_30.000_40.000.wav,bicycle,0.17203140258789062,0.03032301366329193,0.999762109389684,1.0,3.8066624897703196,0.2,3
dcase,/home/star/zkx/iknow-audio/data/DCASE17-T4/audio/Y-lBcEVa_NKw_30.000_40.000.wav,bicycle,0.2799133062362671,0.037813156843185425,0.9997878853655345,0.0,4.07753744390572,0.2,4
dcase,/home/star/zkx/iknow-audio/data/DCASE17-T4/audio/Y-mQyAYU_Bd4_50.000_60.000.wav,bicycle,0.37240150570869446,0.08103889226913452,0.9983485045071969,0.0,4.025351690735149,0.2,4
dcase,/home/star/zkx/iknow-audio/data/DCASE17-T4/audio/Y-ngrinYHF4c_30.000_40.000.wav,bicycle,0.20419931411743164,0.005241945385932922,0.999135782804077,0.0,4.07753744390572,0.2,4
dcase,/home/star/zkx/iknow-audio/data/DCASE17-T4/audio/Y-nqm_RJ2xj8_40.000_50.000.wav,bicycle,0.09484538435935974,0.009694188833236694,0.9999750574660347,1.0,3.6888794541139363,0.0,5
dcase,/home/star/zkx/iknow-audio/data/DCASE17-T4/audio/Y-oAw5iTeT1g_40.000_50.000.wav,bicycle,0.13499042391777039,0.059140078723430634,0.9994576862266229,0.0,4.060443010546419,0.2,4
dcase,/home/star/zkx/iknow-audio/data/DCASE17-T4/audio/Y-p2EMzpTE38_4.000_14.000.wav,bicycle,0.1611025482416153,0.021147772669792175,0.9998868414107533,1.0,3.4965075614664802,0.2,4
dcase,/home/star/zkx/iknow-audio/data/DCASE17-T4/audio/Y-0DIFwkUpjQ_50.000_60.000.wav,skateboard,0.31368863582611084,0.17644988000392914,0.9979456437811898,0.0,4.0943445622221,0.2,4
dcase,/home/star/zkx/iknow-audio/data/DCASE17-T4/audio/Y-53qltVyjpc_180.000_190.000.wav,skateboard,0.17768362164497375,0.012377515435218811,0.9998121799634625,0.0,4.025351690735149,0.2,4
dcase,/home/star/zkx/iknow-audio/data/DCASE17-T4/audio/Y-5y4jb9eUWs_110.000_120.000.wav,skateboard,0.3228563964366913,0.14707620441913605,0.9979108314000125,0.0,4.127134385045092,0.2,4
dcase,/home/star/zkx/iknow-audio/data/DCASE17-T4/audio/Y-81kolkG8M0_0.000_8.000.wav,skateboard,0.22294220328330994,0.06772591173648834,0.9985273068224353,0.0,4.007333185232471,0.2,4
dcase,/home/star/zkx/iknow-audio/data/DCASE17-T4/audio/Y-9dwTSq6JZg_70.000_80.000.wav,skateboard,0.21416188776493073,0.11060194671154022,0.9990954152556906,0.0,4.127134385045092,0.2,4
dcase,/home/star/zkx/iknow-audio/data/DCASE17-T4/audio/Y-9oKZsjjf_0_20.000_30.000.wav,skateboard,0.2549135684967041,0.07073016464710236,0.9987327739402776,0.0,4.127134385045092,0.2,4
dcase,/home/star/zkx/iknow-audio/data/DCASE17-T4/audio/Y-AFGfu5zOzQ_30.000_40.000.wav,skateboard,0.33720117807388306,0.25041864812374115,0.9961315483773714,1.0,3.8712010109078907,0.2,3
dcase,/home/star/zkx/iknow-audio/data/DCASE17-T4/audio/Y-DHGwygUsQc_30.000_40.000.wav,skateboard,0.302951455116272,0.18160463869571686,0.9977939506819321,0.0,4.07753744390572,0.2,5
dcase,/home/star/zkx/iknow-audio/data/DCASE17-T4/audio/Y-DkuTmIs7_Q_30.000_40.000.wav,skateboard,0.349342405796051,0.2228209525346756,0.9964153803873107,0.0,4.060443010546419,0.2,4
dcase,/home/star/zkx/iknow-audio/data/DCASE17-T4/audio/Y-E1E17R7UBA_260.000_270.000.wav,skateboard,0.2641530930995941,0.05802351236343384,0.9993696923780301,0.0,4.0943445622221,0.2,4
dcase,/home/star/zkx/iknow-audio/data/DCASE17-T4/audio/Y-McJLXNN3-o_50.000_60.000.wav,skateboard,0.41050034761428833,0.2771220803260803,0.9942910844465336,0.0,4.127134385045092,0.2,4
dcase,/home/star/zkx/iknow-audio/data/DCASE17-T4/audio/Y-O5vrHFRzcY_30.000_40.000.wav,skateboard,0.27071696519851685,0.12964525818824768,0.9982979895200418,0.0,4.060443010546419,0.2,4
dcase,/home/star/zkx/iknow-audio/data/DCASE17-T4/audio/Y-Qd_dXTbgK0_30.000_40.000.wav,skateboard,0.2961524426937103,0.17310477793216705,0.9970999251252696,0.0,4.127134385045092,0.2,4
dcase,/home/star/zkx/iknow-audio/data/DCASE17-T4/audio/Y-cd-Zn8qFxU_90.000_100.000.wav,skateboard,0.2462053745985031,0.1624482050538063,0.997848020976101,0.0,4.07753744390572,0.2,4
dcase,/home/star/zkx/iknow-audio/data/DCASE17-T4/audio/Y-esP4loyvjM_60.000_70.000.wav,skateboard,0.2735368311405182,0.14013409614562988,0.9977732113910179,0.0,4.07753744390572,0.2,4
dcase,/home/star/zkx/iknow-audio/data/DCASE17-T4/audio/Y-iB3a71aPew_30.000_40.000.wav,skateboard,0.29806599020957947,0.15774120390415192,0.9983125070236817,0.0,4.110873864173311,0.2,4
dcase,/home/star/zkx/iknow-audio/data/DCASE17-T4/audio/Y-mxMaMJCXL8_180.000_190.000.wav,skateboard,0.3602565824985504,0.17816469073295593,0.9978129123193392,0.0,4.0943445622221,0.2,5
dcase,/home/star/zkx/iknow-audio/data/DCASE17-T4/audio/Y-nYGTw9Sypg_20.000_30.000.wav,skateboard,0.2974921464920044,0.1731608882546425,0.9979743825128851,0.0,4.07753744390572,0.2,5
dcase,/home/star/zkx/iknow-audio/data/DCASE17-T4/audio/Y-oS19KshdlM_30.000_40.000.wav,skateboard,0.3124631643295288,0.21334660798311234,0.9967362468453108,1.0,3.784189633918261,0.2,3
dcase,/home/star/zkx/iknow-audio/data/DCASE17-T4/audio/Y-s6uxc77NWo_40.000_50.000.wav,skateboard,0.3104592561721802,0.2127535715699196,0.9967230625818012,0.0,4.127134385045092,0.2,4
dcase,/home/star/zkx/iknow-audio/data/DCASE17-T4/audio/Y-saCvPTdQ7s_30.000_40.000.wav,skateboard,0.2013283222913742,0.027722343802452087,0.9998886190642603,0.0,4.0943445622221,0.2,5
dcase,/home/star/zkx/iknow-audio/data/DCASE17-T4/audio/Y-sb-knLiDic_20.000_30.000.wav,skateboard,0.2897920608520508,0.18246933817863464,0.9977368435630221,0.0,4.127134385045092,0.2,5
dcase,/home/star/zkx/iknow-audio/data/DCASE17-T4/audio/Y-7HVWUwyMig_30.000_40.000.wav,ambulance (siren),0.18362697958946228,0.0027059614658355713,0.9993682850690038,1.0,3.6109179126442243,0.2,3
dcase,/home/star/zkx/iknow-audio/data/DCASE17-T4/audio/Y-9pUUT-6o8U_30.000_40.000.wav,ambulance (siren),0.24691204726696014,0.012371793389320374,0.999570122810936,1.0,3.295836866004329,0.2,4
dcase,/home/star/zkx/iknow-audio/data/DCASE17-T4/audio/Y-Ei2LE71Dfg_20.000_30.000.wav,ambulance (siren),0.5053659081459045,0.046737492084503174,0.996534705378963,1.0,3.295836866004329,0.2,4
dcase,/home/star/zkx/iknow-audio/data/DCASE17-T4/audio/Y-LGTb-xyjzA_11.000_21.000.wav,ambulance (siren),0.436461865901947,0.004606068134307861,0.9973045034163583,1.0,3.295836866004329,0.2,4
dcase,/home/star/zkx/iknow-audio/data/DCASE17-T4/audio/Y-Y1qiiugnk8_30.000_40.000.wav,ambulance (siren),0.47742679715156555,0.04573306441307068,0.9968230555915658,1.0,3.295836866004329,0.2,4
dcase,/home/star/zkx/iknow-audio/data/DCASE17-T4/audio/Y-YsrLG2K1TE_30.000_40.000.wav,ambulance (siren),0.5879247188568115,0.10235980153083801,0.9941724260749463,1.0,3.7135720667043075,0.2,5
dcase,/home/star/zkx/iknow-audio/data/DCASE17-T4/audio/Y-ZeMV790MXE_10.000_20.000.wav,ambulance (siren),0.4694732427597046,0.05296412110328674,0.9967716517776571,1.0,3.295836866004329,0.2,4
dcase,/home/star/zkx/iknow-audio/data/DCASE17-T4/audio/Y-d-T8Y9-TOg_17.000_27.000.wav,ambulance (siren),0.4688482880592346,0.010748982429504395,0.996807427054484,1.0,3.7135720667043075,0.2,5
dcase,/home/star/zkx/iknow-audio/data/DCASE17-T4/audio/Y-fCSO8SVWZU_6.000_16.000.wav,ambulance (siren),0.5258438587188721,0.023373723030090332,0.9977545460291952,1.0,3.295836866004329,0.2,4
dcase,/home/star/zkx/iknow-audio/data/DCASE17-T4/audio/Y-fGFQTGd2nA_10.000_20.000.wav,ambulance (siren),0.47662556171417236,0.008607268333435059,0.9967775772893469,1.0,3.7135720667043075,0.2,5
dcase,/home/star/zkx/iknow-audio/data/DCASE17-T4/audio/Y-hA1yMrEXz0_10.000_20.000.wav,ambulance (siren),0.4264935255050659,0.020375579595565796,0.9983026558604975,1.0,3.7135720667043075,0.2,5
dcase,/home/star/zkx/iknow-audio/data/DCASE17-T4/audio/Y-w-9yF465IY_30.000_40.000.wav,ambulance (siren),0.471373975276947,0.020854711532592773,0.9965852944350143,1.0,3.295836866004329,0.2,4
dcase,/home/star/zkx/iknow-audio/data/DCASE17-T4/audio/Y-xz75wUCln8_50.000_60.000.wav,ambulance (siren),0.4590105712413788,0.08524253964424133,0.9993608041104954,1.0,3.295836866004329,0.2,4
dcase,/home/star/zkx/iknow-audio/data/DCASE17-T4/audio/Y-yPSgCn9AWo_30.000_40.000.wav,ambulance (siren),0.28798264265060425,0.011721581220626831,0.9998555843365899,1.0,3.737669618283368,0.2,5
dcase,/home/star/zkx/iknow-audio/data/DCASE17-T4/audio/Y-z8jsgl3iHE_30.000_40.000.wav,ambulance (siren),0.4211050868034363,0.004788219928741455,0.9982767317468548,1.0,3.6109179126442243,0.2,5
dcase,/home/star/zkx/iknow-audio/data/DCASE17-T4/audio/Y06RreMb5qbE_0.000_10.000.wav,ambulance (siren),0.5059803128242493,0.0671725869178772,0.994723202386509,1.0,3.295836866004329,0.2,4
dcase,/home/star/zkx/iknow-audio/data/DCASE17-T4/audio/Y0EPK7Pv_lbE_30.000_40.000.wav,ambulance (siren),0.4537605941295624,0.019647866487503052,0.9961330297552938,1.0,3.7135720667043075,0.2,5
dcase,/home/star/zkx/iknow-audio/data/DCASE17-T4/audio/Y-0Eem_FuIto_15.000_25.000.wav,"fire engine, fire truck (siren)",0.46699392795562744,0.0016783475875854492,0.996017111932863,1.0,3.295836866004329,0.0,4
dcase,/home/star/zkx/iknow-audio/data/DCASE17-T4/audio/Y-2sT5oBBWWY_30.000_40.000.wav,"fire engine, fire truck (siren)",0.3802650570869446,0.1091349720954895,0.9990201612572307,1.0,3.737669618283368,0.0,5
dcase,/home/star/zkx/iknow-audio/data/DCASE17-T4/audio/Y-45cKZA7Jww_30.000_40.000.wav,"fire engine, fire truck (siren)",0.43194836378097534,0.027438580989837646,0.9966267730168427,1.0,3.295836866004329,0.0,4
dcase,/home/star/zkx/iknow-audio/data/DCASE17-T4/audio/Y-6qhtwdfGOA_23.000_33.000.wav,"fire engine, fire truck (siren)",0.4211537837982178,0.04355630278587341,0.997517525561605,1.0,3.295836866004329,0.0,4
dcase,/home/star/zkx/iknow-audio/data/DCASE17-T4/audio/Y-8uyNBFbdFc_30.000_40.000.wav,"fire engine, fire truck (siren)",0.4540743827819824,0.09456515312194824,0.9958829731619862,1.0,3.295836866004329,0.0,4
dcase,/home/star/zkx/iknow-audio/data/DCASE17-T4/audio/Y-PRrNx6_MD0_16.000_26.000.wav,"fire engine, fire truck (siren)",0.44351327419281006,0.13371074199676514,0.9974693807791257,1.0,3.4011973816621555,0.0,4
dcase,/home/star/zkx/iknow-audio/data/DCASE17-T4/audio/Y-QBo1W2w8II_30.000_40.000.wav,"fire engine, fire truck (siren)",0.4892441928386688,0.013874143362045288,0.9968583123861198,1.0,3.7135720667043075,0.0,5
dcase,/home/star/zkx/iknow-audio/data/DCASE17-T4/audio/Y-QX-ddNtUvE_24.000_34.000.wav,"fire engine, fire truck (siren)",0.4687628746032715,0.047874391078948975,0.9967863174190893,1.0,3.7135720667043075,0.0,5
dcase,/home/star/zkx/iknow-audio/data/DCASE17-T4/audio/Y-RlUu1el2G4_30.000_40.000.wav,"fire engine, fire truck (siren)",0.4957736134529114,0.020157694816589355,0.9972493961576436,1.0,3.295836866004329,0.0,4
dcase,/home/star/zkx/iknow-audio/data/DCASE17-T4/audio/Y-SkO97C81Ms_30.000_40.000.wav,"fire engine, fire truck (siren)",0.5570035576820374,0.11891359090805054,0.9955732170384043,1.0,3.295836866004329,0.0,4
dcase,/home/star/zkx/iknow-audio/data/DCASE17-T4/audio/Y-T8QHPXfIC4_13.000_23.000.wav,"fire engine, fire truck (siren)",0.5412933230400085,0.06892022490501404,0.9960795520122938,1.0,3.295836866004329,0.0,4
dcase,/home/star/zkx/iknow-audio/data/DCASE17-T4/audio/Y-USiTjZoh88_30.000_40.000.wav,"fire engine, fire truck (siren)",0.5869903564453125,0.051313698291778564,0.9984680517055378,1.0,5.950642552587727,0.0,4
dcase,/home/star/zkx/iknow-audio/data/DCASE17-T4/audio/Y-X0vNLwH1C0_30.000_40.000.wav,"fire engine, fire truck (siren)",0.44516652822494507,0.1344035267829895,0.9969770448266033,1.0,3.4011973816621555,0.0,4
dcase,/home/star/zkx/iknow-audio/data/DCASE17-T4/audio/Y-ZtZOcg3s7M_30.000_40.000.wav,"fire engine, fire truck (siren)",0.500185489654541,0.037326931953430176,0.9986190781847304,1.0,3.7135720667043075,0.0,4
dcase,/home/star/zkx/iknow-audio/data/DCASE17-T4/audio/Y-cOjJ0Nvtlw_23.000_33.000.wav,"fire engine, fire truck (siren)",0.44535383582115173,0.0688328742980957,0.9985382690190614,1.0,3.7135720667043075,0.0,5
dcase,/home/star/zkx/iknow-audio/data/DCASE17-T4/audio/Y-cbYvBBXE6A_12.000_22.000.wav,"fire engine, fire truck (siren)",0.32987987995147705,0.015210777521133423,0.9996781152614818,1.0,3.6888794541139363,0.0,5
dcase,/home/star/zkx/iknow-audio/data/DCASE17-T4/audio/Y-eYUCWGQ_wU_30.000_40.000.wav,"fire engine, fire truck (siren)",0.33925873041152954,0.01761186122894287,0.9996822631196646,1.0,3.8501476017100584,0.0,5
dcase,/home/star/zkx/iknow-audio/data/DCASE17-T4/audio/Y-hplTh4SGvs_90.000_100.000.wav,"fire engine, fire truck (siren)",0.2862926125526428,0.04167807102203369,0.9995030163910495,1.0,3.7612001156935624,0.0,5
dcase,/home/star/zkx/iknow-audio/data/DCASE17-T4/audio/Y-nPhg6Eu4b4_30.000_40.000.wav,"fire engine, fire truck (siren)",0.5213209390640259,0.007952988147735596,0.9963050918009851,1.0,3.7135720667043075,0.0,5
dcase,/home/star/zkx/iknow-audio/data/DCASE17-T4/audio/Y-oCvKmNbhl0_30.000_40.000.wav,"fire engine, fire truck (siren)",0.4537975788116455,0.13921350240707397,0.9977903953749182,1.0,3.4011973816621555,0.0,4
dcase,/home/star/zkx/iknow-audio/data/DCASE17-T4/audio/Y-pvaJ4DwtRg_3.000_13.000.wav,"fire engine, fire truck (siren)",0.47746217250823975,0.028642714023590088,0.9959445244146635,1.0,3.6109179126442243,0.0,5
dcase,/home/star/zkx/iknow-audio/data/DCASE17-T4/audio/Y-qKRKDTbt4c_30.000_40.000.wav,"fire engine, fire truck (siren)",0.48606571555137634,0.03462842106819153,0.996853571976768,1.0,3.7135720667043075,0.0,5
dcase,/home/star/zkx/iknow-audio/data/DCASE17-T4/audio/Y-sJn3uUxpH8_30.000_40.000.wav,"fire engine, fire truck (siren)",0.525505006313324,0.1123940646648407,0.9985308621294492,1.0,3.4011973816621555,0.0,4
dcase,/home/star/zkx/iknow-audio/data/DCASE17-T4/audio/Y-sfn1NDHWJI_30.000_40.000.wav,"fire engine, fire truck (siren)",0.4375455975532532,0.10953035950660706,0.9987152936807928,1.0,3.7135720667043075,0.0,4
dcase,/home/star/zkx/iknow-audio/data/DCASE17-T4/audio/Y-09rxiqNNEs_30.000_40.000.wav,civil defense siren,0.43493977189064026,0.09395056962966919,0.9986679636561708,1.0,3.7135720667043075,0.2,4
dcase,/home/star/zkx/iknow-audio/data/DCASE17-T4/audio/Y-3qh-WFUV2U_30.000_40.000.wav,civil defense siren,0.4436036944389343,0.03679722547531128,0.9985632302370544,1.0,3.7135720667043075,0.2,5
dcase,/home/star/zkx/iknow-audio/data/DCASE17-T4/audio/Y-4JG_Ag99hY_30.000_40.000.wav,civil defense siren,0.4824408292770386,0.1359623670578003,0.9979757157530152,1.0,3.7135720667043075,0.2,5
dcase,/home/star/zkx/iknow-audio/data/DCASE17-T4/audio/Y-60NmEaP0is_0.000_10.000.wav,civil defense siren,0.2310648262500763,0.02286851406097412,0.9995880474837975,1.0,3.7135720667043075,0.2,5
dcase,/home/star/zkx/iknow-audio/data/DCASE17-T4/audio/Y-6cTEqIcics_30.000_40.000.wav,civil defense siren,0.3567766547203064,0.0350496768951416,0.9997148534339583,1.0,3.7135720667043075,0.2,4
dcase,/home/star/zkx/iknow-audio/data/DCASE17-T4/audio/Y-6iVBmb5PZU_40.000_50.000.wav,civil defense siren,0.4319441616535187,0.009334444999694824,0.9989943852813802,1.0,3.7135720667043075,0.2,5
dcase,/home/star/zkx/iknow-audio/data/DCASE17-T4/audio/Y-6qp8NjWffE_30.000_40.000.wav,civil defense siren,0.508928656578064,0.14373213052749634,0.9978191341066135,1.0,3.7135720667043075,0.2,5
dcase,/home/star/zkx/iknow-audio/data/DCASE17-T4/audio/Y-75iY1j3MeY_30.000_40.000.wav,civil defense siren,0.4969007968902588,0.026969552040100098,0.9990091990606046,1.0,3.7135720667043075,0.2,4
dcase,/home/star/zkx/iknow-audio/data/DCASE17-T4/audio/Y-E3Yju3lrRo_30.000_40.000.wav,civil defense siren,0.5654311180114746,0.1649758219718933,0.9971906595230189,1.0,3.4011973816621555,0.0,4
dcase,/home/star/zkx/iknow-audio/data/DCASE17-T4/audio/Y-FHSBdx5A3g_40.000_50.000.wav,civil defense siren,0.46133944392204285,0.006867915391921997,0.9989759421262459,1.0,3.7135720667043075,0.2,4
dcase,/home/star/zkx/iknow-audio/data/DCASE17-T4/audio/Y-JhSzxTdcwY_30.000_40.000.wav,civil defense siren,0.43673479557037354,0.07473492622375488,0.9993879873953722,1.0,3.2580965380214817,0.2,4
dcase,/home/star/zkx/iknow-audio/data/DCASE17-T4/audio/Y-OtNDK_Hxp8_30.000_40.000.wav,civil defense siren,0.5354088544845581,0.08779305219650269,0.9985680447153024,1.0,3.7135720667043075,0.2,5
dcase,/home/star/zkx/iknow-audio/data/DCASE17-T4/audio/Y-c7XoYM-SSY_30.000_40.000.wav,civil defense siren,0.406699538230896,0.10922801494598389,0.9990043845823566,1.0,3.7135720667043075,0.2,4
dcase,/home/star/zkx/iknow-audio/data/DCASE17-T4/audio/Y-j8EeIX9ynk_30.000_40.000.wav,civil defense siren,0.4382724165916443,0.06614473462104797,0.9988195086176364,1.0,3.7135720667043075,0.2,4
dcase,/home/star/zkx/iknow-audio/data/DCASE17-T4/audio/Y-t478yabOQw_30.000_40.000.wav,civil defense siren,0.3976907730102539,0.0408245325088501,0.9996645606534915,1.0,3.6109179126442243,0.2,4
dcase,/home/star/zkx/iknow-audio/data/DCASE17-T4/audio/Y-uIyMR9luvg_30.000_40.000.wav,civil defense siren,0.4987109899520874,0.04218006134033203,0.9988582466503081,1.0,3.7135720667043075,0.2,5
dcase,/home/star/zkx/iknow-audio/data/DCASE17-T4/audio/Y-zGAb18JxmI_30.000_40.000.wav,civil defense siren,0.3357122838497162,0.05686768889427185,0.9993332504811381,1.0,3.7135720667043075,0.2,4
dcase,/home/star/zkx/iknow-audio/data/DCASE17-T4/audio/Y03NLMEMi8-I_30.000_40.000.wav,civil defense siren,0.5025219917297363,0.05656224489212036,0.9982325866847661,1.0,3.7135720667043075,0.2,5
dcase,/home/star/zkx/iknow-audio/data/DCASE17-T4/audio/Y0552YhBdeXo_30.000_40.000.wav,civil defense siren,0.44497522711753845,0.14360752701759338,0.9982530297000958,1.0,3.7135720667043075,0.2,3
dcase,/home/star/zkx/iknow-audio/data/DCASE17-T4/audio/Y06TM6z3NvuY_30.000_40.000.wav,civil defense siren,0.35658228397369385,0.008175194263458252,0.999321103182174,1.0,3.7135720667043075,0.2,4
dcase,/home/star/zkx/iknow-audio/data/DCASE17-T4/audio/Y0CUi0oGUzjU_30.000_40.000.wav,civil defense siren,0.363651305437088,0.01902756094932556,0.9990171244324897,1.0,3.7135720667043075,0.2,5
dcase,/home/star/zkx/iknow-audio/data/DCASE17-T4/audio/Y0GpUFFJNFH8_30.000_40.000.wav,civil defense siren,0.19907799363136292,0.03234212100505829,0.9998004770778752,1.0,3.7135720667043075,0.2,5
dcase,/home/star/zkx/iknow-audio/data/DCASE17-T4/audio/Y0HvYkBXQ44A_30.000_40.000.wav,civil defense siren,0.5051389336585999,0.1227601170539856,0.9976098154061729,1.0,3.7135720667043075,0.2,5
dcase,/home/star/zkx/iknow-audio/data/DCASE17-T4/audio/Y0I6Mlp27_gM_30.000_40.000.wav,civil defense siren,0.5536286234855652,0.048669636249542236,0.9956879497584972,1.0,3.295836866004329,0.0,4
dcase,/home/star/zkx/iknow-audio/data/DCASE17-T4/audio/Y0JKcTVpby0I_30.000_40.000.wav,civil defense siren,0.4077098071575165,0.02043202519416809,0.9997784045468309,1.0,3.7135720667043075,0.2,4
dcase,/home/star/zkx/iknow-audio/data/DCASE17-T4/audio/Y0PhU-PIsUMw_40.000_50.000.wav,civil defense siren,0.36073601245880127,0.016655445098876953,0.9996485617719292,1.0,3.7135720667043075,0.2,4
dcase,/home/star/zkx/iknow-audio/data/DCASE17-T4/audio/Y-122tCXtFhU_30.000_40.000.wav,police car (siren),0.44622868299484253,0.007992058992385864,0.9983670958001236,1.0,3.295836866004329,0.0,4
dcase,/home/star/zkx/iknow-audio/data/DCASE17-T4/audio/Y-2GlU3e0nTU_170.000_180.000.wav,police car (siren),0.4236290156841278,0.05456048250198364,0.997319465333375,1.0,3.6109179126442243,0.0,5
dcase,/home/star/zkx/iknow-audio/data/DCASE17-T4/audio/Y-6WqJCSmkCw_70.000_80.000.wav,police car (siren),0.3196428418159485,0.03594869375228882,0.9993297692430203,1.0,3.6109179126442243,0.0,5
dcase,/home/star/zkx/iknow-audio/data/DCASE17-T4/audio/Y-AF7wp3ezww_140.000_150.000.wav,police car (siren),0.4813806712627411,0.03158417344093323,0.9969316405932805,1.0,3.7135720667043075,0.0,5
dcase,/home/star/zkx/iknow-audio/data/DCASE17-T4/audio/Y-AFASmp1fpk_6.000_16.000.wav,police car (siren),0.4526543617248535,0.04316389560699463,0.9976628487357962,1.0,3.6888794541139363,0.0,5
dcase,/home/star/zkx/iknow-audio/data/DCASE17-T4/audio/Y-F2lk9A8B8M_30.000_40.000.wav,police car (siren),0.3775622844696045,0.006344854831695557,0.9988615797506336,1.0,3.6888794541139363,0.0,5
dcase,/home/star/zkx/iknow-audio/data/DCASE17-T4/audio/Y-Pg4vVPs4bE_30.000_40.000.wav,police car (siren),0.4391883611679077,0.024274587631225586,0.9982288832399601,1.0,3.6635616461296463,0.0,5
dcase,/home/star/zkx/iknow-audio/data/DCASE17-T4/audio/Y-UCf_-3yzWU_290.000_300.000.wav,police car (siren),0.47091418504714966,0.05927804112434387,0.9976504051612477,1.0,3.7135720667043075,0.0,5
dcase,/home/star/zkx/iknow-audio/data/DCASE17-T4/audio/Y-VULyMtKazE_0.000_7.000.wav,police car (siren),0.3367730975151062,0.0295734703540802,0.9995304218826147,1.0,3.58351893845611,0.2,4
dcase,/home/star/zkx/iknow-audio/data/DCASE17-T4/audio/Y-XRiLbb3Syo_2.000_12.000.wav,police car (siren),0.4874454736709595,0.04082062840461731,0.997919645598651,1.0,3.7135720667043075,0.0,5
dcase,/home/star/zkx/iknow-audio/data/DCASE17-T4/audio/Y-XrpzGb6xCU_190.000_200.000.wav,police car (siren),0.44588446617126465,0.0487213134765625,0.9979788266466524,1.0,3.7135720667043075,0.0,5
dcase,/home/star/zkx/iknow-audio/data/DCASE17-T4/audio/Y-az6BooRLxw_40.000_50.000.wav,police car (siren),0.276711642742157,0.04175443947315216,0.9996146382175053,1.0,3.7135720667043075,0.0,5
dcase,/home/star/zkx/iknow-audio/data/DCASE17-T4/audio/Y-dBTGdL4RFs_30.000_40.000.wav,police car (siren),0.5270817875862122,0.04746806621551514,0.9980034175201649,1.0,3.7135720667043075,0.0,5
dcase,/home/star/zkx/iknow-audio/data/DCASE17-T4/audio/Y-gKNRXbpAKs_30.000_40.000.wav,police car (siren),0.5522292852401733,0.08878663182258606,0.9988876520020685,1.0,3.4011973816621555,0.0,4
dcase,/home/star/zkx/iknow-audio/data/DCASE17-T4/audio/Y-lWs7_49gss_30.000_40.000.wav,police car (siren),0.4221789538860321,0.07773712277412415,0.9994040603458306,1.0,3.295836866004329,0.0,4
dcase,/home/star/zkx/iknow-audio/data/DCASE17-T4/audio/Y-lhnhB4rbGw_3.000_13.000.wav,police car (siren),0.4027659296989441,0.053803324699401855,0.9991134880663443,1.0,3.6888794541139363,0.0,4
dcase,/home/star/zkx/iknow-audio/data/DCASE17-T4/audio/Y-rkJeBBmiTQ_60.000_70.000.wav,police car (siren),0.32609209418296814,0.016402900218963623,0.9982151064252813,1.0,3.6109179126442243,0.0,4
dcase,/home/star/zkx/iknow-audio/data/DCASE17-T4/audio/Y-rs7FPxzc6w_8.000_18.000.wav,police car (siren),0.4879114627838135,0.00910845398902893,0.9966303283238565,1.0,3.7135720667043075,0.0,5
dcase,/home/star/zkx/iknow-audio/data/DCASE17-T4/audio/Y-20uudT97E0_30.000_40.000.wav,screaming,0.07715615630149841,0.055584779009222984,0.9997598132539043,0.0,4.07753744390572,0.2,4
dcase,/home/star/zkx/iknow-audio/data/DCASE17-T4/audio/Y-4pUrlMafww_1.000_11.000.wav,screaming,0.1902434527873993,0.08781041204929352,0.9993856912595924,1.0,3.6635616461296463,0.2,4
dcase,/home/star/zkx/iknow-audio/data/DCASE17-T4/audio/Y-MuIRudOtxw_30.000_40.000.wav,screaming,0.19415387511253357,0.008224070072174072,0.9999080251150443,1.0,3.6888794541139363,0.0,5
dcase,/home/star/zkx/iknow-audio/data/DCASE17-T4/audio/Y-WfQBr42ymw_30.000_40.000.wav,screaming,0.2873014807701111,0.14211450517177582,0.9985682669219907,1.0,3.9318256327243257,0.2,4
dcase,/home/star/zkx/iknow-audio/data/DCASE17-T4/audio/Y-g_AcRVFfXU_30.000_40.000.wav,screaming,0.03734683245420456,0.019842401146888733,0.9998841008615968,1.0,3.7612001156935624,0.2,5
dcase,/home/star/zkx/iknow-audio/data/DCASE17-T4/audio/Y-gb5uvwsRpI_30.000_40.000.wav,screaming,0.2253464013338089,0.10748511552810669,0.9991731135277224,1.0,3.6635616461296463,0.2,5
dcase,/home/star/zkx/iknow-audio/data/DCASE17-T4/audio/Y-pwgypWE-J8_30.000_40.000.wav,screaming,0.21053175628185272,0.0036337822675704956,0.9995229409241063,1.0,3.7612001156935624,0.2,4
dcase,/home/star/zkx/iknow-audio/data/DCASE17-T4/audio/Y-vHJU1wDRsY_30.000_40.000.wav,screaming,0.2335110753774643,0.0030699819326400757,0.9998174388550871,0.0,4.07753744390572,0.2,3
dcase,/home/star/zkx/iknow-audio/data/DCASE17-T4/audio/Y0-RnTXpp8Q0_30.000_40.000.wav,screaming,0.16021674871444702,0.020068109035491943,0.9997880335033267,1.0,4.04305126783455,0.2,4
dcase,/home/star/zkx/iknow-audio/data/DCASE17-T4/audio/Y0Ees8KFCUXM_30.000_40.000.wav,screaming,0.10191790759563446,0.05650537833571434,0.9996395253666023,1.0,3.3672958299864737,0.2,4
dcase,/home/star/zkx/iknow-audio/data/DCASE17-T4/audio/Y0EymGuYWkFk_30.000_40.000.wav,screaming,0.2590428590774536,0.15746957808732986,0.9984472383457275,1.0,3.8918202981106265,0.2,5
dcase,/home/star/zkx/iknow-audio/data/DCASE17-T4/audio/Y0Nw1OyTsaAo_30.000_40.000.wav,screaming,0.1891854703426361,0.009634792804718018,0.9995956025112019,1.0,3.5553480614894135,0.2,3
dcase,/home/star/zkx/iknow-audio/data/DCASE17-T4/audio/Y0YnOMAls83g_30.000_40.000.wav,screaming,0.1465786248445511,0.004731312394142151,0.9999588363777839,0.0,4.04305126783455,0.0,4
dcase,/home/star/zkx/iknow-audio/data/DCASE17-T4/audio/Y0_gyUQkLCY8_30.000_40.000.wav,screaming,0.25064051151275635,0.13026129454374313,0.9982030331952135,1.0,3.8918202981106265,0.2,4
dcase,/home/star/zkx/iknow-audio/data/DCASE17-T4/audio/Y0_hnDV2SHBI_7.000_17.000.wav,screaming,0.06176818534731865,0.005375392735004425,0.9999865381449335,1.0,3.5553480614894135,0.2,4
dcase,/home/star/zkx/iknow-audio/data/DCASE17-T4/audio/Y0hC044mDsWA_30.000_40.000.wav,screaming,0.10392969846725464,0.09380202367901802,0.9995175338946894,0.0,4.07753744390572,0.2,4
dcase,/home/star/zkx/iknow-audio/data/DCASE17-T4/audio/Y0kQANiakiH0_30.000_40.000.wav,screaming,0.3068472146987915,0.14971470832824707,0.9981117803151913,1.0,3.6635616461296463,0.2,5
dcase,/home/star/zkx/iknow-audio/data/DCASE17-T4/audio/Y0rVBXpbgO8s_30.000_40.000.wav,screaming,0.3858114182949066,0.22408083081245422,0.9952755341448902,1.0,3.6888794541139363,0.2,4
dcase,/home/star/zkx/iknow-audio/data/DCASE17-T4/audio/Y---lTs1dxhU_30.000_40.000.wav,car,0.3479667901992798,0.014658749103546143,0.9990113470585922,1.0,3.4657359027997265,0.2,3
dcase,/home/star/zkx/iknow-audio/data/DCASE17-T4/audio/Y--330hg-Ocw_30.000_40.000.wav,car,0.27156683802604675,0.027613699436187744,0.9994587231911686,1.0,3.526360524616161,0.2,3
dcase,/home/star/zkx/iknow-audio/data/DCASE17-T4/audio/Y--8puiAGLhs_30.000_40.000.wav,car,0.2292487621307373,0.0012641549110412598,0.999333176412242,1.0,3.8712010109078907,0.2,3
dcase,/home/star/zkx/iknow-audio/data/DCASE17-T4/audio/Y--F70LWypIg_30.000_40.000.wav,car,0.029926847666502,0.014376206323504448,0.9999653544406426,1.0,3.8918202981106265,0.2,4
dcase,/home/star/zkx/iknow-audio/data/DCASE17-T4/audio/Y--P4wuph3Mc_0.000_8.000.wav,car,0.30559241771698,0.025675654411315918,0.9994247255678487,1.0,3.784189633918261,0.2,4
dcase,/home/star/zkx/iknow-audio/data/DCASE17-T4/audio/Y--QvRbvnbUE_30.000_40.000.wav,car,0.1086447611451149,0.02502109855413437,0.9999149135223836,0.0,4.1588830833596715,0.2,4
dcase,/home/star/zkx/iknow-audio/data/DCASE17-T4/audio/Y--SeOZy3Yik_30.000_40.000.wav,car,0.2503405213356018,0.10187499225139618,0.9992569595181324,1.0,3.737669618283368,0.0,5
dcase,/home/star/zkx/iknow-audio/data/DCASE17-T4/audio/Y--Zz7BgxSUg_30.000_40.000.wav,car,0.23973402380943298,0.06350472569465637,0.9995816034898349,1.0,3.58351893845611,0.2,5
dcase,/home/star/zkx/iknow-audio/data/DCASE17-T4/audio/Y--e0Vu_ruTc_30.000_40.000.wav,car,0.2563337981700897,0.05739617347717285,0.9996771523658322,1.0,3.1354942159291497,0.0,4
dcase,/home/star/zkx/iknow-audio/data/DCASE17-T4/audio/Y--iFD6IyQW8_30.000_40.000.wav,car,0.32795068621635437,0.018951237201690674,0.9992461454592987,1.0,3.784189633918261,0.2,3
dcase,/home/star/zkx/iknow-audio/data/DCASE17-T4/audio/Y--jGnLqFsQ4_24.000_34.000.wav,car,0.1909060776233673,0.039879992604255676,0.9997438143723419,1.0,3.7612001156935624,0.2,4
dcase,/home/star/zkx/iknow-audio/data/DCASE17-T4/audio/Y--jc0NAxK8M_30.000_40.000.wav,car,0.28301212191581726,0.0025036633014678955,0.9987795114137304,0.0,4.060443010546419,0.2,3
dcase,/home/star/zkx/iknow-audio/data/DCASE17-T4/audio/Y--yaQA8d1dI_6.000_16.000.wav,car,0.2988232374191284,0.06929066777229309,0.9992101479757834,1.0,3.784189633918261,0.2,4
dcase,/home/star/zkx/iknow-audio/data/DCASE17-T4/audio/Y--zLzL0sq3M_30.000_40.000.wav,car,0.20211616158485413,0.05270332098007202,0.9994964983281908,0.0,4.060443010546419,0.2,4
dcase,/home/star/zkx/iknow-audio/data/DCASE17-T4/audio/Y-0-jXXldDOU_10.000_20.000.wav,car,0.25022298097610474,0.02256503701210022,0.9996917439383682,1.0,3.8501476017100584,0.2,4
dcase,/home/star/zkx/iknow-audio/data/DCASE17-T4/audio/Y-03ld83JliM_29.000_39.000.wav,car,0.19435468316078186,0.024924099445343018,0.9998812862435442,1.0,3.0910424533583156,0.0,4
dcase,/home/star/zkx/iknow-audio/data/DCASE17-T4/audio/Y-0Bkyt8iZ1I_8.000_18.000.wav,car,0.2377641350030899,0.0038173794746398926,0.9999755759483074,1.0,3.0910424533583156,0.0,3
dcase,/home/star/zkx/iknow-audio/data/DCASE17-T4/audio/Y-0CIk-OOp7Y_30.000_40.000.wav,car,0.31820619106292725,0.08110374212265015,0.9991243761940742,1.0,3.7612001156935624,0.2,5
dcase,/home/star/zkx/iknow-audio/data/DCASE17-T4/audio/Y-0CRb8H4hzY_4.000_14.000.wav,car,0.21106134355068207,0.008876875042915344,0.9998944705070539,0.0,4.04305126783455,0.0,5
dcase,/home/star/zkx/iknow-audio/data/DCASE17-T4/audio/Y-0CY5NWBHyY_20.000_30.000.wav,car,0.246128648519516,0.007154718041419983,0.9996827075330413,1.0,3.784189633918261,0.2,4
dcase,/home/star/zkx/iknow-audio/data/DCASE17-T4/audio/Y-0HsrVfb5vc_20.000_30.000.wav,car,0.3092842400074005,0.025448232889175415,0.9997463327148101,1.0,3.784189633918261,0.2,4
dcase,/home/star/zkx/iknow-audio/data/DCASE17-T4/audio/Y-0I89-H0AFo_26.000_36.000.wav,car,0.17118917405605316,0.008905932307243347,0.9995377547033307,0.0,4.060443010546419,0.2,5
dcase,/home/star/zkx/iknow-audio/data/DCASE17-T4/audio/Y-0P6VDQ1YDs_80.000_90.000.wav,car,0.30452948808670044,6.73830509185791e-05,0.999439465278177,0.0,4.060443010546419,0.2,4
dcase,/home/star/zkx/iknow-audio/data/DCASE17-T4/audio/Y-0PrEsytvc0_30.000_40.000.wav,car,0.32609957456588745,0.10390764474868774,0.9993609522482877,0.0,4.127134385045092,0.2,4
dcase,/home/star/zkx/iknow-audio/data/DCASE17-T4/audio/Y-0RqnaXZu_E_30.000_40.000.wav,car,0.2999231517314911,0.039228737354278564,0.9994726481436396,0.0,4.110873864173311,0.2,5
dcase,/home/star/zkx/iknow-audio/data/DCASE17-T4/audio/Y--zbPxnl27o_20.000_30.000.wav,car passing by,0.01000571995973587,0.0176179064437747,0.9999410598427146,1.0,3.8712010109078907,0.2,4
dcase,/home/star/zkx/iknow-audio/data/DCASE17-T4/audio/Y-0MnD7jBvkE_0.000_4.000.wav,car passing by,0.25573864579200745,0.0664682388305664,0.9993711737559525,1.0,3.526360524616161,0.2,4
dcase,/home/star/zkx/iknow-audio/data/DCASE17-T4/audio/Y-0U3c4PN8sc_30.000_40.000.wav,car passing by,0.14557258784770966,0.006833910942077637,0.9999034328434847,0.0,4.060443010546419,0.2,4
dcase,/home/star/zkx/iknow-audio/data/DCASE17-T4/audio/Y-10fWp7Pqs4_30.000_40.000.wav,car passing by,0.351054847240448,0.049913227558135986,0.9997727012418295,1.0,3.8501476017100584,0.2,4
dcase,/home/star/zkx/iknow-audio/data/DCASE17-T4/audio/Y-14BFlDzjS4_6.000_16.000.wav,car passing by,0.38698241114616394,0.00043398141860961914,0.9995129416231299,1.0,3.6109179126442243,0.2,5
dcase,/home/star/zkx/iknow-audio/data/DCASE17-T4/audio/Y-15nPYi2v1g_30.000_40.000.wav,car passing by,0.32705047726631165,0.08706369996070862,0.9988013617380864,0.0,4.007333185232471,0.2,5
dcase,/home/star/zkx/iknow-audio/data/DCASE17-T4/audio/Y-1BrkFLHD74_19.000_29.000.wav,car passing by,0.2991456389427185,0.057950884103775024,0.9995114602452074,1.0,3.784189633918261,0.2,3
dcase,/home/star/zkx/iknow-audio/data/DCASE17-T4/audio/Y-1HlfoHZCEE_6.000_16.000.wav,car passing by,0.20804597437381744,0.001542314887046814,0.9997411478920816,1.0,3.8712010109078907,0.2,4
dcase,/home/star/zkx/iknow-audio/data/DCASE17-T4/audio/Y-1McjOPUzbo_30.000_40.000.wav,car passing by,0.35617533326148987,0.062408119440078735,0.9994520569905176,0.0,4.110873864173311,0.2,3
dcase,/home/star/zkx/iknow-audio/data/DCASE17-T4/audio/Y-1sGSNmgiPs_4.000_14.000.wav,car passing by,0.26371991634368896,0.04181092977523804,0.9997655165589057,1.0,3.784189633918261,0.2,4
dcase,/home/star/zkx/iknow-audio/data/DCASE17-T4/audio/Y-2-luek6dI8_30.000_40.000.wav,car passing by,0.250106543302536,0.011273086071014404,0.9998741015606204,1.0,3.1354942159291497,0.0,3
dcase,/home/star/zkx/iknow-audio/data/DCASE17-T4/audio/Y-25LkbSjEos_30.000_40.000.wav,car passing by,0.30166950821876526,0.03537064790725708,0.9987319591824202,1.0,3.784189633918261,0.2,3
dcase,/home/star/zkx/iknow-audio/data/DCASE17-T4/audio/Y-2LJWaL2PuA_30.000_40.000.wav,car passing by,0.294090211391449,0.043437808752059937,0.9984944202325572,1.0,3.784189633918261,0.2,3
dcase,/home/star/zkx/iknow-audio/data/DCASE17-T4/audio/Y-2ZbvsBSZmY_2.000_12.000.wav,car passing by,0.40280210971832275,0.0384177565574646,0.9982846571187398,1.0,3.332204510175204,0.0,4
dcase,/home/star/zkx/iknow-audio/data/DCASE17-T4/audio/Y-2cz2qQDmr4_30.000_40.000.wav,car passing by,0.305916428565979,0.04152578115463257,0.9992131107316283,1.0,3.784189633918261,0.2,3
dcase,/home/star/zkx/iknow-audio/data/DCASE17-T4/audio/Y-3929cmVE20_30.000_40.000.wav,car passing by,0.23739081621170044,0.013309210538864136,0.9997880335033267,1.0,3.784189633918261,0.2,3
dcase,/home/star/zkx/iknow-audio/data/DCASE17-T4/audio/Y-3M-k4nIYIM_30.000_40.000.wav,car passing by,0.20202243328094482,0.024106472730636597,0.9995887881727588,1.0,3.784189633918261,0.2,3
dcase,/home/star/zkx/iknow-audio/data/DCASE17-T4/audio/Y-3MNphBfq_0_30.000_40.000.wav,car passing by,0.3820381164550781,0.0242881178855896,0.9993603596971187,1.0,3.784189633918261,0.2,4
dcase,/home/star/zkx/iknow-audio/data/DCASE17-T4/audio/Y-3_RSVYKkkk_30.000_40.000.wav,car passing by,0.16942179203033447,0.00034239888191223145,0.999836178285806,1.0,3.9318256327243257,0.2,3
dcase,/home/star/zkx/iknow-audio/data/DCASE17-T4/audio/Y-3exNVlj92w_30.000_40.000.wav,car passing by,0.30445942282676697,0.005896180868148804,0.9985156780057441,1.0,3.784189633918261,0.2,4
dcase,/home/star/zkx/iknow-audio/data/DCASE17-T4/audio/Y--0w1YA1Hm4_30.000_40.000.wav,bus,0.25475436449050903,0.02991369366645813,0.9996623385866078,0.0,4.110873864173311,0.2,5
dcase,/home/star/zkx/iknow-audio/data/DCASE17-T4/audio/Y-5GcZwBvBdI_30.000_40.000.wav,bus,0.24547122418880463,0.03373037278652191,0.9988512101051765,0.0,4.189654742026425,0.2,4
dcase,/home/star/zkx/iknow-audio/data/DCASE17-T4/audio/Y-7B4pbkIEas_30.000_40.000.wav,bus,0.33933526277542114,0.0295945405960083,0.9997984031487838,1.0,3.526360524616161,0.0,4
dcase,/home/star/zkx/iknow-audio/data/DCASE17-T4/audio/Y-8YTu7ZGA2w_30.000_40.000.wav,bus,0.3295552134513855,0.00495988130569458,0.9998222533333351,1.0,3.7135720667043075,0.2,4
dcase,/home/star/zkx/iknow-audio/data/DCASE17-T4/audio/Y-93IM29_8rs_14.000_24.000.wav,bus,0.1860583871603012,0.020559370517730713,0.9999515035570679,1.0,3.526360524616161,0.0,5
dcase,/home/star/zkx/iknow-audio/data/DCASE17-T4/audio/Y-9J9xs7LM9Y_25.000_35.000.wav,bus,0.18272602558135986,0.04390823841094971,0.9996055277432823,0.0,4.189654742026425,0.2,4
dcase,/home/star/zkx/iknow-audio/data/DCASE17-T4/audio/Y-AY_lZLYJR8_8.000_18.000.wav,bus,0.22861340641975403,0.0011247694492340088,0.999975353741619,1.0,3.951243718581427,0.2,4
dcase,/home/star/zkx/iknow-audio/data/DCASE17-T4/audio/Y-BxfsWlPUPY_30.000_40.000.wav,bus,0.21226000785827637,0.029425308108329773,0.9997509249863696,0.0,4.127134385045092,0.2,5
dcase,/home/star/zkx/iknow-audio/data/DCASE17-T4/audio/Y-CgCr8Eknm0_14.000_24.000.wav,bus,0.12131182104349136,0.01379278302192688,0.9999232092387492,1.0,3.9318256327243257,0.2,4
dcase,/home/star/zkx/iknow-audio/data/DCASE17-T4/audio/Y-CnsvTDIXdE_20.000_30.000.wav,bus,0.3069290816783905,0.0004930198192596436,0.99993217157518,1.0,3.6109179126442243,0.2,4
dcase,/home/star/zkx/iknow-audio/data/DCASE17-T4/audio/Y-CpMlnGhxEU_0.000_9.000.wav,bus,0.26910895109176636,0.06550946831703186,0.9997301116265593,1.0,3.8066624897703196,0.0,4
dcase,/home/star/zkx/iknow-audio/data/DCASE17-T4/audio/Y-DP_cv0x_Ng_30.000_40.000.wav,bus,0.2760784924030304,0.049712762236595154,0.9997375185161715,1.0,3.951243718581427,0.2,5
dcase,/home/star/zkx/iknow-audio/data/DCASE17-T4/audio/Y-FEXRjcryZE_30.000_40.000.wav,bus,0.32621055841445923,0.057789623737335205,0.9990607510123055,1.0,3.295836866004329,0.0,4
dcase,/home/star/zkx/iknow-audio/data/DCASE17-T4/audio/Y-Fp2-w-iLiE_20.000_30.000.wav,bus,0.4358066916465759,0.0817008912563324,0.9990861566436753,1.0,3.6375861597263857,0.0,5
dcase,/home/star/zkx/iknow-audio/data/DCASE17-T4/audio/Y-Ga9sSkpngg_30.000_40.000.wav,bus,0.4001327157020569,0.09215021133422852,0.9993778399566035,1.0,3.6375861597263857,0.0,4
dcase,/home/star/zkx/iknow-audio/data/DCASE17-T4/audio/Y-H8V23dZoLo_0.000_10.000.wav,bus,0.2851596176624298,0.012254476547241211,0.9999248387544639,1.0,3.6375861597263857,0.0,4
dcase,/home/star/zkx/iknow-audio/data/DCASE17-T4/audio/Y-HeQfwKbFzg_30.000_40.000.wav,bus,0.3136376440525055,0.00018152594566345215,0.9998698796335415,1.0,3.6375861597263857,0.0,5
dcase,/home/star/zkx/iknow-audio/data/DCASE17-T4/audio/Y-HzzEuFBiDU_30.000_40.000.wav,bus,0.25281932950019836,0.04412811994552612,0.9996830038086258,0.0,4.110873864173311,0.2,4
dcase,/home/star/zkx/iknow-audio/data/DCASE17-T4/audio/Y-I4INTpMKT4_30.000_40.000.wav,bus,0.184197336435318,0.00942540168762207,0.9994569455376617,1.0,5.459585514144159,0.0,5
dcase,/home/star/zkx/iknow-audio/data/DCASE17-T4/audio/Y-II-7qJxKPc_21.000_31.000.wav,bus,0.2571403384208679,0.00874878466129303,0.9999626879603822,1.0,3.951243718581427,0.2,5
dcase,/home/star/zkx/iknow-audio/data/DCASE17-T4/audio/Y-LnpzyfTkF8_30.000_40.000.wav,bus,0.20922966301441193,0.01013946533203125,0.9998493625493157,1.0,3.9318256327243257,0.2,4
dcase,/home/star/zkx/iknow-audio/data/DCASE17-T4/audio/Y-OgRshQfsi8_30.000_40.000.wav,bus,0.22929197549819946,0.001362532377243042,0.9996981138634347,1.0,3.7135720667043075,0.2,5
dcase,/home/star/zkx/iknow-audio/data/DCASE17-T4/audio/Y-P53lJ1ViWk_30.000_40.000.wav,bus,0.24750685691833496,0.05930285155773163,0.9994773144840953,1.0,3.912023005428146,0.2,4
dcase,/home/star/zkx/iknow-audio/data/DCASE17-T4/audio/Y-PvNUvEov4Q_30.000_40.000.wav,bus,0.34486913681030273,0.028828859329223633,0.999716482949673,1.0,3.7135720667043075,0.2,4
dcase,/home/star/zkx/iknow-audio/data/DCASE17-T4/audio/Y--12UOziMF0_30.000_40.000.wav,truck,0.37364068627357483,0.0015426576137542725,0.9991490411364828,1.0,3.526360524616161,0.2,4
dcase,/home/star/zkx/iknow-audio/data/DCASE17-T4/audio/Y--73E04RpiQ_0.000_9.000.wav,truck,0.3364686667919159,0.0501171350479126,0.9995626418524277,1.0,3.6109179126442243,0.2,4
dcase,/home/star/zkx/iknow-audio/data/DCASE17-T4/audio/Y--J947HxQVM_0.000_9.000.wav,truck,0.17366716265678406,0.0254175066947937,0.9997224084613627,0.0,4.04305126783455,0.2,5
dcase,/home/star/zkx/iknow-audio/data/DCASE17-T4/audio/Y--ivFZu-hlc_30.000_40.000.wav,truck,0.3050301969051361,0.022898972034454346,0.9992550337268333,1.0,3.526360524616161,0.2,4
dcase,/home/star/zkx/iknow-audio/data/DCASE17-T4/audio/Y-0B_CYyG5Dg_30.000_40.000.wav,truck,0.2642119824886322,0.03648969531059265,0.999685522151094,1.0,3.8712010109078907,0.2,4
dcase,/home/star/zkx/iknow-audio/data/DCASE17-T4/audio/Y-0JqTq_4jaE_40.000_50.000.wav,truck,0.33365821838378906,0.024151593446731567,0.9990328270384675,1.0,3.1780538303479453,0.2,3
dcase,/home/star/zkx/iknow-audio/data/DCASE17-T4/audio/Y-0awng26xQ8_30.000_40.000.wav,truck,0.33815568685531616,0.008800536394119263,0.9993278434517212,0.0,4.127134385045092,0.2,4
dcase,/home/star/zkx/iknow-audio/data/DCASE17-T4/audio/Y-0dq1Vg9rd8_30.000_40.000.wav,truck,0.2802859842777252,0.04262468218803406,0.9988580244436197,1.0,3.332204510175204,0.2,4
dcase,/home/star/zkx/iknow-audio/data/DCASE17-T4/audio/Y-1B3CzpiW1M_30.000_40.000.wav,truck,0.3726504147052765,0.03386414051055908,0.9995734559112615,1.0,3.6109179126442243,0.2,4
dcase,/home/star/zkx/iknow-audio/data/DCASE17-T4/audio/Y-1Q21cZhHDE_30.000_40.000.wav,truck,0.4137428104877472,0.038152068853378296,0.9992994009956103,1.0,3.737669618283368,0.2,5
dcase,/home/star/zkx/iknow-audio/data/DCASE17-T4/audio/Y-1ZXXnBXJ6c_8.000_18.000.wav,truck,0.39485064148902893,0.03897163271903992,0.9990663802484108,1.0,3.4965075614664802,0.2,4
dcase,/home/star/zkx/iknow-audio/data/DCASE17-T4/audio/Y-1s0DWApvT8_30.000_40.000.wav,truck,0.2724491357803345,0.009798765182495117,0.9993365095125675,1.0,3.8712010109078907,0.2,5
dcase,/home/star/zkx/iknow-audio/data/DCASE17-T4/audio/Y-1s84_2Vn4g_30.000_40.000.wav,truck,0.28389790654182434,0.07596780359745026,0.9992069630132502,1.0,3.526360524616161,0.2,5
dcase,/home/star/zkx/iknow-audio/data/DCASE17-T4/audio/Y-2EscdO0l-A_30.000_40.000.wav,truck,0.31688588857650757,0.07426926493644714,0.9993577672857544,1.0,3.784189633918261,0.2,3
dcase,/home/star/zkx/iknow-audio/data/DCASE17-T4/audio/Y-2NBZUCcvm0_30.000_40.000.wav,truck,0.23635175824165344,0.06589077413082123,0.9996870775979125,1.0,3.2580965380214817,0.0,4
dcase,/home/star/zkx/iknow-audio/data/DCASE17-T4/audio/Y-2vmprMUw10_30.000_40.000.wav,truck,0.15967905521392822,0.0005324184894561768,0.9999380970868698,1.0,3.9318256327243257,0.0,5
dcase,/home/star/zkx/iknow-audio/data/DCASE17-T4/audio/Y-2x4TB8VWvE_18.000_28.000.wav,truck,0.2710217833518982,0.07656997442245483,0.9995490872444374,1.0,3.6109179126442243,0.2,4
dcase,/home/star/zkx/iknow-audio/data/DCASE17-T4/audio/Y-39q4y0tt-g_30.000_40.000.wav,truck,0.35331255197525024,0.061906009912490845,0.9989418704340298,1.0,3.7135720667043075,0.2,5
dcase,/home/star/zkx/iknow-audio/data/DCASE17-T4/audio/Y-3NcUIyJtFY_30.000_40.000.wav,truck,0.13181230425834656,0.01530609279870987,0.9997684793147505,1.0,3.6888794541139363,0.0,5
dcase,/home/star/zkx/iknow-audio/data/DCASE17-T4/audio/Y-3gSkrDKNSA_27.000_37.000.wav,truck,0.33672648668289185,0.0017603635787963867,0.9995759001848336,1.0,3.784189633918261,0.2,4
dcase,/home/star/zkx/iknow-audio/data/DCASE17-T4/audio/Y--p-rk_HBuU_30.000_40.000.wav,motorcycle,0.2874721884727478,0.019177138805389404,0.9996129346328945,0.0,4.060443010546419,0.2,4
dcase,/home/star/zkx/iknow-audio/data/DCASE17-T4/audio/Y-1WK72M4xeg_220.000_230.000.wav,motorcycle,0.49540218710899353,0.2700596749782562,0.9939456271150209,1.0,3.7612001156935624,0.2,4
dcase,/home/star/zkx/iknow-audio/data/DCASE17-T4/audio/Y-1XfuJcdvfg_30.000_40.000.wav,motorcycle,0.3862897753715515,0.13935182988643646,0.9983862796442191,1.0,3.784189633918261,0.2,4
dcase,/home/star/zkx/iknow-audio/data/DCASE17-T4/audio/Y-3XWBAmjmaQ_11.000_21.000.wav,motorcycle,0.31488147377967834,0.022243499755859375,0.9999106915953047,1.0,3.784189633918261,0.2,3
dcase,/home/star/zkx/iknow-audio/data/DCASE17-T4/audio/Y-4-87UgJcUw_70.000_80.000.wav,motorcycle,0.4568732976913452,0.23036381602287292,0.9955961783962021,0.0,4.007333185232471,0.2,4
dcase,/home/star/zkx/iknow-audio/data/DCASE17-T4/audio/Y-4D3Gkyisyc_30.000_40.000.wav,motorcycle,0.3077468276023865,0.1007174402475357,0.9988400997707583,1.0,3.8712010109078907,0.2,3
dcase,/home/star/zkx/iknow-audio/data/DCASE17-T4/audio/Y-6Yfati1N10_80.000_90.000.wav,motorcycle,0.19243372976779938,0.0051887184381484985,0.9999525405216135,1.0,3.8066624897703196,0.2,3
dcase,/home/star/zkx/iknow-audio/data/DCASE17-T4/audio/Y-7rZwMK6uSs_70.000_80.000.wav,motorcycle,0.2417047619819641,0.05395585298538208,0.9989700166145561,1.0,3.7612001156935624,0.2,3
dcase,/home/star/zkx/iknow-audio/data/DCASE17-T4/audio/Y-85f5DKKfSo_30.000_40.000.wav,motorcycle,0.23602423071861267,0.019409671425819397,0.9999425412206371,0.0,4.110873864173311,0.2,4
dcase,/home/star/zkx/iknow-audio/data/DCASE17-T4/audio/Y-9Smdrt5zwk_40.000_50.000.wav,motorcycle,0.16702039539813995,0.04719172418117523,0.9997030024105787,1.0,3.7612001156935624,0.2,3
dcase,/home/star/zkx/iknow-audio/data/DCASE17-T4/audio/Y-9gZLVDKpnE_30.000_40.000.wav,motorcycle,0.1939074993133545,0.07351185381412506,0.9994096895819359,1.0,3.784189633918261,0.2,4
dcase,/home/star/zkx/iknow-audio/data/DCASE17-T4/audio/Y-BGebo8V4XY_30.000_40.000.wav,motorcycle,0.2014072984457016,0.02214975655078888,0.999868990806788,1.0,3.784189633918261,0.2,4
dcase,/home/star/zkx/iknow-audio/data/DCASE17-T4/audio/Y-DdiduB5B_w_190.000_200.000.wav,motorcycle,0.247321218252182,0.002829715609550476,0.9997636648365026,0.0,4.0943445622221,0.2,4
dcase,/home/star/zkx/iknow-audio/data/DCASE17-T4/audio/Y-HIPq7T3eFI_11.000_21.000.wav,motorcycle,0.32845184206962585,0.07273662090301514,0.9993713218937448,0.0,4.007333185232471,0.2,5
dcase,/home/star/zkx/iknow-audio/data/DCASE17-T4/audio/Y-H_3oEkKe0M_50.000_60.000.wav,motorcycle,0.3337704837322235,0.09398962557315826,0.9989746088861157,1.0,3.784189633918261,0.2,4
dcase,/home/star/zkx/iknow-audio/data/DCASE17-T4/audio/Y-IMRE_psvtI_30.000_40.000.wav,motorcycle,0.18921542167663574,0.1403694525361061,0.9987325517335892,0.0,4.04305126783455,0.2,4
dcase,/home/star/zkx/iknow-audio/data/DCASE17-T4/audio/Y-Ie4LSPDEF4_6.000_16.000.wav,motorcycle,0.2276603877544403,0.01842096447944641,0.9996857443577823,1.0,3.8501476017100584,0.2,5
dcase,/home/star/zkx/iknow-audio/data/DCASE17-T4/audio/Y-J0F29UCZiA_70.000_80.000.wav,motorcycle,0.3920380473136902,0.09850433468818665,0.9986578902862983,1.0,3.784189633918261,0.2,4
dcase,/home/star/zkx/iknow-audio/data/DCASE17-T4/audio/Y-KFCJ7ydu2E_0.000_10.000.wav,motorcycle,0.3251153528690338,0.21916474401950836,0.9970860742416947,0.0,4.007333185232471,0.2,5
dcase,/home/star/zkx/iknow-audio/data/DCASE17-T4/audio/Y-P7iW3WzNfc_400.000_410.000.wav,motorcycle,0.41280597448349,0.1878652572631836,0.9978069868076496,1.0,3.784189633918261,0.2,5
dcase,/home/star/zkx/iknow-audio/data/DCASE17-T4/audio/Y-QMAKXzIGx4_10.000_20.000.wav,motorcycle,0.16596058011054993,0.007008805871009827,0.9999272830280359,1.0,3.6888794541139363,0.0,3
dcase,/home/star/zkx/iknow-audio/data/DCASE17-T4/audio/Y-S-5z2vYtxw_10.000_20.000.wav,motorcycle,0.30742987990379333,0.11512847244739532,0.9985723407112774,1.0,3.526360524616161,0.2,3
dcase,/home/star/zkx/iknow-audio/data/DCASE17-T4/audio/Y-SlL0NZh51w_30.000_40.000.wav,motorcycle,0.4339559078216553,0.22833183407783508,0.9951350254489469,1.0,3.784189633918261,0.2,4
dcase,/home/star/zkx/iknow-audio/data/DCASE17-T4/audio/Y-VO-C9C0uqY_1.000_11.000.wav,motorcycle,0.307073712348938,0.10711897909641266,0.9973897567157947,1.0,3.7612001156935624,0.2,4
dcase,/home/star/zkx/iknow-audio/data/DCASE17-T4/audio/Y-1VsFy0eVJs_30.000_40.000.wav,train,0.26550373435020447,0.02023126184940338,0.9999406154293379,1.0,3.6375861597263857,0.2,4
dcase,/home/star/zkx/iknow-audio/data/DCASE17-T4/audio/Y-3FIglJti0s_30.000_40.000.wav,train,0.21546512842178345,0.008474737405776978,0.9996464137739416,1.0,4.060443010546419,0.2,4
dcase,/home/star/zkx/iknow-audio/data/DCASE17-T4/audio/Y-6KOEEiAf9s_19.000_29.000.wav,train,0.22367602586746216,0.0028598010540008545,0.9998772124542575,1.0,3.8712010109078907,0.2,4
dcase,/home/star/zkx/iknow-audio/data/DCASE17-T4/audio/Y-9S5Z-uciLo_70.000_80.000.wav,train,0.21367335319519043,0.021492958068847656,0.9998535104074985,1.0,3.4011973816621555,0.2,3
dcase,/home/star/zkx/iknow-audio/data/DCASE17-T4/audio/Y-JpQivta6MQ_20.000_30.000.wav,train,0.19505000114440918,0.009740084409713745,0.999769368141504,1.0,3.6109179126442243,0.0,5
dcase,/home/star/zkx/iknow-audio/data/DCASE17-T4/audio/Y-K9oTZj3mVQ_30.000_40.000.wav,train,0.3409029245376587,0.03448885679244995,0.997923941594626,1.0,3.951243718581427,0.2,4
dcase,/home/star/zkx/iknow-audio/data/DCASE17-T4/audio/Y-NrFtZ_xxFU_30.000_40.000.wav,train,0.4085385799407959,0.146241694688797,0.9979634943851552,0.0,4.127134385045092,0.2,4
dcase,/home/star/zkx/iknow-audio/data/DCASE17-T4/audio/Y-PYRamK58Ss_0.000_10.000.wav,train,0.3869970738887787,0.08412867784500122,0.9984397573872192,1.0,3.951243718581427,0.2,5
dcase,/home/star/zkx/iknow-audio/data/DCASE17-T4/audio/Y-Pjylzex7oc_350.000_360.000.wav,train,0.3008853495121002,0.10158178210258484,0.9993181404263292,1.0,3.8712010109078907,0.2,3
dcase,/home/star/zkx/iknow-audio/data/DCASE17-T4/audio/Y-QHuZGmIy_I_30.000_40.000.wav,train,0.25197407603263855,0.0731959342956543,0.9988404701152388,1.0,3.9318256327243257,0.2,4
dcase,/home/star/zkx/iknow-audio/data/DCASE17-T4/audio/Y-RXKRoRPWXg_30.000_40.000.wav,train,0.3433104157447815,0.02701389789581299,0.9997850707474818,1.0,3.737669618283368,0.2,4
dcase,/home/star/zkx/iknow-audio/data/DCASE17-T4/audio/Y-VH414svzI0_30.000_40.000.wav,train,0.3606696128845215,0.013273060321807861,0.9998025510069666,1.0,3.295836866004329,0.0,4
dcase,/home/star/zkx/iknow-audio/data/DCASE17-T4/audio/Y-XcC-UlbcRA_30.000_40.000.wav,train,0.29848119616508484,0.01599213480949402,0.9992454788392335,1.0,3.7135720667043075,0.2,3
dcase,/home/star/zkx/iknow-audio/data/DCASE17-T4/audio/Y-ZKZkMHe3cY_70.000_80.000.wav,train,0.3112475872039795,0.10330288112163544,0.99842694346819,0.0,4.127134385045092,0.2,5
dcase,/home/star/zkx/iknow-audio/data/DCASE17-T4/audio/Y-abVemAm9HM_430.000_440.000.wav,train,0.3289245367050171,0.040337949991226196,0.9995843440389914,1.0,3.6375861597263857,0.2,4
